index,Posit32 error,Float32 error,Matrix size,Random interval
0,0.0,0.0,2,100.0
index,Posit32 error,Float32 error,Matrix size,Random interval
0,0.0,0.000732421875,2,100.0
1,0.0,0.000244140625,2,100.0
2,0.0,3.0517578125e-05,2,100.0
3,0.0,0.000244140625,2,100.0
4,0.000244140625,0.0,2,100.0
5,0.0,0.0,2,100.0
6,0.0,0.00048828125,2,100.0
7,0.0,0.0,2,100.0
8,0.0,0.00048828125,2,100.0
9,0.000244140625,0.0,2,100.0
