index,Posit32 error,Float32 error,Matrix size,Random interval
0,1.1175870895385742e-08,2.682209014892578e-07,32,1.0
index,Posit32 error,Float32 error,Matrix size,Random interval
0,9.086092177312821e-06,0.00014777985052205622,32,1.0
index,Posit32 error,Float32 error,Matrix size,Random interval
0,8.98359576240182e-06,0.00013218470849096775,32,1.0
index,Posit32 error,Float32 error,Matrix size,Random interval
0,8.536811797577037e-06,0.00014150884788491358,32,1.0
