index,Posit32 error,Float32 error,Matrix size,Random interval
0,3.259629011154175e-09,1.4901161193847656e-08,16,1.0
index,Posit32 error,Float32 error,Matrix size,Random interval
0,1.1646188795566559e-06,2.0679086446762085e-05,16,1.0
index,Posit32 error,Float32 error,Matrix size,Random interval
0,1.1380179785192013e-06,1.6891397535800934e-05,16,1.0
index,Posit32 error,Float32 error,Matrix size,Random interval
0,1.2422763774186038e-06,2.086761044775478e-05,16,1.0
